,Phone,Rating,Price,Performance
0,                                 OnePlus Nord CE 2 Lite 5G                             , 85%,"Rs.19,999","Octa core (2.2 GHz, Dual Core + 1.7 GHz, Hexa Core)Snapdragon 6956 GB RAM"
1,                                 Xiaomi Redmi Note 11 Pro                             , 83%,"Rs.18,999","Octa core (2.05 GHz, Dual Core + 2 GHz, Hexa Core)MediaTek Helio G966 GB RAM"
2,                                 OnePlus Nord CE 2 5G                             , 88%,"Rs.23,999","Octa core (2.4 GHz, Dual Core + 2 GHz, Hexa Core)MediaTek Dimensity 9006 GB RAM"
3,                                 Vivo T1 Pro 5G                             , 88%,"Rs.23,999","Octa core (2.4 GHz, Single Core + 2.2 GHz, Tri core + 1.9 GHz, Quad core)Snapdragon 778G6 GB RAM"
4,                                 OPPO F21 Pro                             , 84%,"Rs.22,999","Octa core (2.4 GHz, Quad Core + 1.9 GHz, Quad core)Snapdragon 6808 GB RAM"
5,                                 OnePlus 10R                             , 93%,"Rs.38,999","Octa core (2.85 GHz, Quad Core + 2 GHz, Quad core)MediaTek Dimensity 8100 Max8 GB RAM"
6,                                 Vivo T1                             , 83%,"Rs.14,499","Octa core (2.2 GHz, Dual Core + 1.7 GHz, Hexa Core)Snapdragon 6954 GB RAM"
7,                                 Samsung Galaxy M53 5G                             , 87%,"Rs.26,499","Octa core (2.4 GHz, Dual Core + 2 GHz, Hexa Core)MediaTek Dimensity 9006 GB RAM"
8,                                 Realme C35                             , 78%,"Rs.11,999","Octa core (2 GHz, Dual Core + 1.8 GHz, Hexa Core)Unisoc T6164 GB RAM"
